t_years,p10,p90,median
0,1,1,1
0.0246575342465753,0.999353187995946,0.999639373908845,0.999543011532076
0.0493150684931507,0.998893703827008,0.999383174216055,0.999218387342264
0.073972602739726,0.998502230869682,0.999164888192859,0.998941818829049
0.0986301369863014,0.99814341687905,0.998964562389442,0.998688507463735
0.123287671232877,0.997787451569008,0.998766099599708,0.998437006734552
0.147945205479452,0.997455460912743,0.99858099733043,0.998202449389789
0.172602739726027,0.997147814306252,0.998409223739807,0.997985271276006
0.197260273972603,0.996838342964698,0.998236683164215,0.997766619825581
0.221917808219178,0.996528584800441,0.998063987018784,0.997547762532192
0.246575342465753,0.996215393459871,0.997889388682047,0.997326470825461
0.271232876712329,0.995909023380747,0.997718327912677,0.99711019380076
0.295890410958904,0.995592598363946,0.99754191718332,0.996886624390678
0.320547945205479,0.995277914200813,0.997366474567839,0.996664286766207
0.345205479452055,0.994966547821036,0.997192634276413,0.996444475223378
0.36986301369863,0.99466139976307,0.997022511355342,0.996228872958652
0.394520547945205,0.994368999295387,0.996859487494406,0.996022283266415
0.419178082191781,0.994077351392582,0.996696889811442,0.995816220433843
0.443835616438356,0.993788952330511,0.996535846151414,0.995612642225954
0.468493150684932,0.993503447421197,0.996376669686551,0.995410922340071
0.493150684931507,0.993228819231596,0.996223571893662,0.995216876515587
0.517808219178082,0.992960524941913,0.996073782360363,0.995027469851298
0.542465753424658,0.992696966275794,0.995926848879941,0.994841250380107
0.567123287671233,0.99243158801757,0.99577889058168,0.994653752908262
0.591780821917808,0.992168862688643,0.995632416251529,0.994468126233959
0.616438356164384,0.991909724965403,0.995487721367657,0.994285196656104
0.641095890410959,0.991659224140989,0.99534806767048,0.99410820326266
0.665753424657534,0.991407092069357,0.995207506858929,0.993930055605125
0.69041095890411,0.991161964365424,0.995070637806198,0.993757013688851
0.715068493150685,0.990914466605063,0.994932653103778,0.993582145963851
0.73972602739726,0.990672469652075,0.994797734978822,0.993411164961013
0.764383561643836,0.99042566484446,0.994660145831687,0.993236780056249
0.789041095890411,0.99017681589422,0.994521199542288,0.993061110811392
0.813698630136986,0.989937454284952,0.994387762472391,0.992891983113497
0.838356164383562,0.989701211909384,0.99425606047621,0.992725062198106
0.863013698630137,0.989466044205702,0.994124753825203,0.992559050452064
0.887671232876712,0.989232458822597,0.993994527189534,0.992394011200129
0.912328767123288,0.989004303782771,0.993867332565702,0.992232805414017
0.936986301369863,0.988779095998254,0.993741777796417,0.992073684413472
0.961643835616438,0.988548380358027,0.993612952184402,0.991910819027664
0.986301369863014,0.988322563487846,0.993487067101226,0.991751260870507
1.01095890410959,0.988100502009358,0.993363252388988,0.991594373214445
1.03561643835616,0.987885267235676,0.993243263636238,0.991442294252352
1.06027397260274,0.987670760340193,0.993123484831157,0.991290873591545
1.08493150684932,0.987474625531539,0.993014147438806,0.991152287534597
1.10958904109589,0.9872669261259,0.992898363599343,0.991005529835274
1.13424657534247,0.987058809498668,0.992782151247783,0.990858621408526
1.15890410958904,0.986854912948541,0.992668481826295,0.990714554814212
1.18356164383562,0.986662220664097,0.992561060418952,0.990578403465035
1.20821917808219,0.98646004579706,0.992448341929999,0.990435559886265
1.23287671232877,0.986245720280831,0.992328684097457,0.990284252780899
1.25753424657534,0.986032620984839,0.992209881228513,0.990133686070295
1.28219178082192,0.985815222201963,0.992088687230887,0.98998007723785
1.30684931506849,0.985589918521205,0.991962884358603,0.98982103161038
1.33150684931507,0.98536235751156,0.991836022771975,0.98966024416842
1.35616438356164,0.985137852976456,0.991710864782114,0.989501616584013
1.38082191780822,0.984912596571974,0.991585282016637,0.989342461885525
1.40547945205479,0.98469148060879,0.991461815524291,0.989186373847363
1.43013698630137,0.984473218954957,0.991340122125793,0.989032168841555
1.45479452054795,0.984254282305087,0.991218062970642,0.988877479152241
1.47945205479452,0.984032544796567,0.991094264915469,0.988720940964689
1.5041095890411,0.983821656901337,0.990976704367903,0.988571929773461
1.52876712328767,0.98361485783913,0.990861412321668,0.988425815680167
1.55342465753425,0.983405362137439,0.990744620092816,0.98827779390979
1.57808219178082,0.983190416007313,0.990624601764925,0.988126058970478
1.6027397260274,0.982983181178285,0.990509061525333,0.987979640846276
1.62739726027397,0.982777773359959,0.990394545901403,0.987834509154457
1.65205479452055,0.982573593502045,0.990280545761187,0.987690369437249
1.67671232876712,0.982371003078248,0.990167601531734,0.987547227881584
1.7013698630137,0.982171285806301,0.990056259207737,0.987406116279756
1.72602739726027,0.981968351757311,0.989943119269358,0.987262734976289
1.75068493150685,0.981766562123849,0.989830449938555,0.987120285368009
1.77534246575342,0.98155975387872,0.989715147242911,0.986974168852854
1.8,0.98135400450757,0.98960044680639,0.986828791714359
1.82465753424658,0.981157819250771,0.989490910723441,0.986690295438707
1.84931506849315,0.980958832336135,0.989379976630915,0.98654969909817
1.87397260273973,0.980761607317225,0.989270022531495,0.98641034930142
1.8986301369863,0.980566412284507,0.989161197165996,0.986272435998718
1.92328767123288,0.980374086097582,0.989053812611366,0.986136666303188
1.94794520547945,0.980180760008139,0.988946030724135,0.986000072380492
1.97260273972603,0.979984747914683,0.988836748731881,0.985861582598297
1.9972602739726,0.979788458097173,0.988727151751443,0.985723014360113
2.02191780821918,0.979605596428316,0.988625208892448,0.98559381038267
2.04657534246575,0.979419694091612,0.988521564155362,0.985462462932338
2.07123287671233,0.979242624969342,0.988422839199087,0.985337360130989
2.0958904109589,0.979069076234091,0.988325950892568,0.985214837311763
2.12054794520548,0.978887245415181,0.988224575884266,0.985086366723991
2.14520547945205,0.978708702311609,0.988125032997976,0.984960219666337
2.16986301369863,0.978537598457618,0.988029639895207,0.984839327093546
2.19452054794521,0.97836162391446,0.987931390069309,0.984715097018491
2.21917808219178,0.97818313955407,0.987831881013661,0.98458899067106
2.24383561643836,0.977995933499597,0.987727519514646,0.984456714672149
2.26849315068493,0.977809421672097,0.987623382069535,0.984325049029808
2.29315068493151,0.977613633138555,0.987514227479835,0.984186715169932
2.31780821917808,0.977414312217599,0.987403103642195,0.984045885435669
2.34246575342466,0.977213125987139,0.987290946052731,0.98390373322619
2.36712328767123,0.977013261623686,0.987179354850958,0.983762640407133
2.39178082191781,0.976819341881417,0.98707123850853,0.983625629604223
2.41643835616438,0.976623276512097,0.986961930985685,0.983487099112672
2.44109589041096,0.976427949439982,0.98685285920173,0.983349219590222
2.46575342465753,0.976232600262343,0.986743946623065,0.983211198314648
2.49041095890411,0.97604117980266,0.986637236391308,0.983075944012858
2.51506849315069,0.97585296573431,0.986532315508079,0.982942953895266
2.53972602739726,0.975667246922478,0.986428619033795,0.982811849398308
2.56438356164384,0.975479068177856,0.9863237022191,0.982678895728352
2.58904109589041,0.975289314969587,0.986217913125772,0.982544825577401
2.61369863013699,0.975101465899691,0.986113025260063,0.982412218706691
2.63835616438356,0.97491913596013,0.986011376931293,0.982283391829772
2.66301369863014,0.974734644856539,0.985908525540152,0.982153036654351
2.68767123287671,0.974554101952589,0.985807871126314,0.982025474152854
2.71232876712329,0.974370708557599,0.98570547272178,0.981896011481363
2.73698630136986,0.974189940567874,0.985604691536249,0.981768290889925
2.76164383561644,0.974006079019905,0.98550219164429,0.981638380147407
2.78630136986301,0.973818290499062,0.985397339563873,0.981505814565871
2.81095890410959,0.973635498894345,0.985295439951164,0.981376657014853
2.83561643835616,0.973456194492206,0.985195480042571,0.981249966613813
2.86027397260274,0.973276798563213,0.985095466691937,0.981123213320365
2.88493150684931,0.973096890079379,0.984995012569952,0.980996211873663
2.90958904109589,0.972921159076788,0.984897043930527,0.980872046944343
2.93424657534247,0.972746702563914,0.984799783728369,0.980748784051629
2.95890410958904,0.972567190050674,0.984699549070146,0.980622063329095
2.98356164383562,0.972390606629704,0.984601110294677,0.980497292377023
3.00821917808219,0.972214879084263,0.984503131839395,0.980373138525778
3.03287671232877,0.972046949607318,0.98440951406544,0.9802544847021
3.05753424657534,0.971877735734231,0.984315026768588,0.980135036235834
3.08219178082192,0.971720869833382,0.984227581710113,0.980024195946147
3.10684931506849,0.971557557267232,0.984136540725675,0.979908802126971
3.13150684931507,0.971392098612615,0.984044292427497,0.979791899967634
3.15616438356164,0.971228440147949,0.983952911939552,0.979676369602063
3.18082191780822,0.971074196850053,0.983866925089864,0.979567385192126
3.20547945205479,0.970912048994128,0.983776523007109,0.979452821972182
3.23013698630137,0.970739492104182,0.983680184866808,0.979331001997669
3.25479452054795,0.970568687338004,0.983584960309444,0.97921031942075
3.27945205479452,0.970393605361799,0.983487356331242,0.979086610985009
3.3041095890411,0.97021152841496,0.983385847446648,0.978957964037823
3.32876712328767,0.970026134590814,0.983282335021768,0.978827087053534
3.35342465753425,0.969843272244747,0.983180391867615,0.978697882537007
3.37808219178082,0.969658081605791,0.983077147276934,0.978567035459668
3.4027397260274,0.969476475831744,0.982975743125887,0.978438837568156
3.42739726027397,0.969296921225445,0.982875631345958,0.978311979489192
3.45205479452055,0.969116916092004,0.982775276703755,0.978184796979022
3.47671232876712,0.968932908094896,0.982672689721858,0.97805478676554
3.5013698630137,0.968759350354539,0.982575793518037,0.977932259699279
3.52602739726027,0.968586699624568,0.982479540518188,0.977810272342663
3.55068493150685,0.968413232151434,0.982382833408706,0.977687707010198
3.57534246575342,0.968233268946261,0.98228235007217,0.97756066594929
3.6,0.968060770603955,0.982186176238179,0.977438790521062
3.62465753424658,0.967889167118634,0.982090506666556,0.977317543404077
3.64931506849315,0.967717873668737,0.981995012449501,0.977196513499087
3.67397260273973,0.96754685016358,0.981899523765086,0.977075780923159
3.6986301369863,0.967380295951951,0.981806668778588,0.976958101687021
3.72328767123288,0.967207965437876,0.981710592343948,0.9768363420188
3.74794520547945,0.967038301335021,0.981615859436873,0.97671657147407
3.77260273972603,0.966864151369682,0.98151876434965,0.976593529428753
3.7972602739726,0.966690065347416,0.981421715528558,0.976470524754978
3.82191780821918,0.966523084146869,0.981328626492569,0.976352540887931
3.84657534246575,0.96635400133284,0.981234223455231,0.976233176790716
3.87123287671233,0.966185860670754,0.981140484476407,0.976114376303791
3.8958904109589,0.966019521747845,0.981047747202834,0.975996850880391
3.92054794520548,0.96585480350892,0.98095577862799,0.975880569711491
3.94520547945205,0.965690305361635,0.980864068183458,0.975764344461549
3.96986301369863,0.965522898472861,0.980770734211901,0.975646065420901
3.99452054794521,0.965356317872723,0.980677872435831,0.975528361714326
4.01917808219178,0.965197170705355,0.980589002089249,0.975416022444052
4.04383561643836,0.965036659822145,0.980499514440448,0.975302614498428
4.06849315068493,0.964883533995627,0.980414139928923,0.975194427478351
4.09315068493151,0.964734762145483,0.980331208038199,0.975089305553708
4.11780821917808,0.964578623415655,0.980244031412347,0.974979079769233
4.14246575342466,0.96442419131343,0.980157931464856,0.974869967723045
4.16712328767123,0.964275899835095,0.980075257113398,0.974765192758886
4.19178082191781,0.964124435964338,0.97999069085142,0.974658266990107
4.21643835616438,0.9639703034408,0.979904758161677,0.974549366434799
4.24109589041096,0.963808283689647,0.979814437096809,0.974434886669111
4.26575342465753,0.963646617864915,0.979724308213021,0.974320660746982
4.29041095890411,0.963477215187918,0.979629727165162,0.974201070418238
4.31506849315068,0.963304224648252,0.979533282551936,0.974078844562148
4.33972602739726,0.963129205545345,0.979435712595854,0.973955181307164
4.36438356164384,0.962955274692405,0.979338600453476,0.973832396445839
4.38904109589041,0.962784448984764,0.979243361162218,0.97371170132204
4.41369863013699,0.962612272431266,0.979147372580927,0.97359004895002
4.43835616438356,0.962443375452542,0.979053202389437,0.973470721117055
4.46301369863014,0.962271782900912,0.978957388896474,0.973349592040624
4.48767123287671,0.96210310390081,0.978863356979831,0.973230405903432
4.51232876712329,0.961937210189793,0.978770879359613,0.973113186629327
4.53698630136986,0.961775223342465,0.978680431748194,0.972998836657613
4.56164383561644,0.961609422778015,0.9785879919475,0.972881693572405
4.58630136986301,0.961441110614527,0.978494157608146,0.972762771725083
4.61095890410959,0.961277137687874,0.978402737542275,0.972646919361532
4.63561643835616,0.961115196886165,0.978312318231355,0.972532599989622
4.66027397260274,0.960952577180858,0.978221659722356,0.972417698506108
4.68493150684932,0.960793842824889,0.978133163208927,0.972305545247069
4.70958904109589,0.960632061280013,0.978042831270071,0.972191339438653
4.73424657534247,0.960471318214977,0.977953215009776,0.972077766833161
4.75890410958904,0.9603091490795,0.977862807784437,0.971963183635846
4.78356164383562,0.960142295930533,0.977769782334267,0.97184529598238
4.80821917808219,0.959979363357366,0.977678817380925,0.971730270521647
4.83287671232877,0.959820621306339,0.977590320368624,0.971618109037792
4.85753424657534,0.959660892818281,0.97750127196541,0.971505251648257
4.88219178082192,0.959500698344619,0.977411825774778,0.971392166492505
4.90684931506849,0.959344627848167,0.977324817451909,0.971281893129622
4.93150684931507,0.959188687074456,0.97723788037143,0.971171712215949
4.95616438356164,0.959030119343455,0.977149478070041,0.971059675717235
4.98082191780822,0.958871575249837,0.977060956540721,0.970947753284603
5.00547945205479,0.958713836264227,0.976973008590211,0.970836307985013
5.03013698630137,0.958563547542937,0.976889225514135,0.970730118371261
5.05479452054795,0.958413214328867,0.976805409939177,0.970623902978764
5.07945205479452,0.958271401613044,0.976726226951981,0.970523794270862
5.1041095890411,0.958126246428146,0.976645307270867,0.970421230726145
5.12876712328767,0.957977281137433,0.976562255272699,0.970315981143369
5.15342465753425,0.957830287285793,0.976480180229562,0.970212214296857
5.17808219178082,0.95769191027126,0.976403038510959,0.970114440551199
5.2027397260274,0.957546654231531,0.976322053931622,0.970011812123558
5.22739726027397,0.957392574318239,0.976236156775454,0.969902944178718
5.25205479452055,0.957238304477122,0.976150024509039,0.96979403706541
5.27671232876712,0.95708287619121,0.97606337539307,0.969684216596954
5.3013698630137,0.956918730571826,0.97597186368193,0.969568238810837
5.32602739726027,0.956752511922562,0.975879056377091,0.969450899172521
5.35068493150685,0.956586546336893,0.975786533990334,0.969333632568405
5.37534246575343,0.956420903129865,0.975694186130178,0.969216597566521
5.4,0.956257314778306,0.97560298217391,0.969101015670337
5.42465753424658,0.956093431657094,0.975511469721881,0.968985331512365
5.44931506849315,0.95593192244833,0.975421425861696,0.968871217932063
5.47397260273973,0.955766086226754,0.975328969561917,0.968754047167765
5.4986301369863,0.955608489539331,0.975240985430231,0.968642787352286
5.52328767123288,0.955450675131998,0.975153005093392,0.968531281658525
5.54794520547945,0.955294230327194,0.975065787570019,0.968420744210632
5.57260273972603,0.955132864587718,0.97497582274672,0.968306732696075
5.5972602739726,0.954976066731193,0.974888265590458,0.968196050810335
5.62191780821918,0.954820124176189,0.97480132735675,0.968085868755838
5.64657534246575,0.954664720097771,0.97471469133025,0.967976065690057
5.67123287671233,0.954509260859429,0.974627893121544,0.967866320298486
5.6958904109589,0.954357828471869,0.974543468797859,0.96775932530647
5.72054794520548,0.954200996827979,0.974456033414729,0.967648516150399
5.74520547945205,0.954047193983074,0.974370286201279,0.967539847295987
5.76986301369863,0.953889160090328,0.974282045852037,0.967428287744142
5.79452054794521,0.953730377037813,0.974193528378796,0.967316095527478
5.81917808219178,0.953578204748729,0.974108695188768,0.967208575084733
5.84383561643836,0.953424140664698,0.974022677531178,0.967099813424561
5.86849315068493,0.953270571895487,0.973937062713169,0.966991308561988
5.89315068493151,0.953118170053315,0.973852096294378,0.96688362978973
5.91780821917808,0.952968639918603,0.973768733972388,0.966777977747187
5.94246575342466,0.952818633247512,0.973684975242163,0.966672085144137
5.96712328767123,0.952665689630571,0.973599705025455,0.966564024870428
5.99178082191781,0.952513890228678,0.973515082875574,0.966456765573165
6.01643835616438,0.952366969912921,0.973433162789178,0.96635296688276
6.04109589041096,0.952220251899484,0.973351244864297,0.966249392476607
6.06575342465753,0.952078324598062,0.973272115706462,0.966149116248508
6.09041095890411,0.951943855395342,0.973197155429382,0.966054101507394
6.11506849315068,0.951800265412298,0.973116986206243,0.965952733683918
6.13972602739726,0.95165890293451,0.973038172856465,0.965852855859994
6.16438356164384,0.951521833054508,0.972961755740912,0.965756008711823
6.18904109589041,0.951385226720642,0.972885604068756,0.965659483925705
6.21369863013699,0.951244358096931,0.972806942951785,0.965560045552845
6.23835616438356,0.951095803774254,0.972724128409944,0.965455080208191
6.26301369863014,0.950946781905186,0.972641049139303,0.965349787509668
6.28767123287671,0.950791761085364,0.97255449694074,0.965240350715055
6.31232876712329,0.950633619964177,0.972466330446729,0.965128617131305
6.33698630136986,0.950473036225707,0.972376807772678,0.965015153597539
6.36164383561644,0.950313629778951,0.97228794167408,0.964902521713994
6.38630136986301,0.950155534357488,0.972199663344855,0.964790921393041
6.41095890410959,0.949998062949849,0.97211187211485,0.96467965960362
6.43561643835616,0.949841857746132,0.972024779062029,0.964569298144353
6.46027397260274,0.949683465821424,0.971936337185244,0.964457487038014
6.48493150684931,0.949527554926977,0.971849423423002,0.964347322337862
6.50958904109589,0.949373815821274,0.971763722116637,0.964238690891364
6.53424657534247,0.949225760893629,0.971681179214104,0.964134083378439
6.55890410958904,0.949072144190957,0.971595405174462,0.964025642081475
6.58356164383562,0.948917958636261,0.971509445528349,0.963916702138469
6.60821917808219,0.948766028875475,0.971424740460532,0.96380935826737
6.63287671232877,0.948616389656789,0.971341189932982,0.963703722828331
6.65753424657534,0.948466115611331,0.971257414055089,0.963597544307152
6.68219178082192,0.948318669873767,0.971175211798238,0.963493366469819
6.70684931506849,0.948170669828421,0.971092702653772,0.963388795409757
6.73150684931507,0.948020959641596,0.97100910790819,0.963283113249514
6.75616438356164,0.947871227068569,0.970925633707551,0.963177317451652
6.78082191780822,0.947717251241306,0.970839787412262,0.963068528319799
6.80547945205479,0.947565145871061,0.970754869426143,0.962961144948044
6.83013698630137,0.947419077841604,0.97067343729704,0.962857939027992
6.85479452054795,0.947271099761695,0.970590939788895,0.962753383935879
6.87945205479452,0.947123172233743,0.970508469652642,0.962648865157834
6.9041095890411,0.946977230682578,0.970426981742643,0.962545841471442
6.92876712328767,0.946832655866912,0.970346381212595,0.962443691229504
6.95342465753425,0.946686699170488,0.97026500871763,0.962340565762421
6.97808219178082,0.94653934742385,0.97018273680345,0.962236544090167
7.0027397260274,0.946391598726819,0.970100360227313,0.962132156179966
7.02739726027397,0.946251878905803,0.970022469308327,0.962033434096232
7.05205479452055,0.946112720382869,0.969944883631554,0.961935114249968
7.07671232876712,0.94597927747721,0.969870377016515,0.961840911784097
7.1013698630137,0.945845880622416,0.969796011069977,0.961746657293754
7.12602739726027,0.945706515081745,0.969718312020622,0.961648189677758
7.15068493150685,0.945570863510281,0.969642681733602,0.961552347496927
7.17534246575342,0.94544112083557,0.969570240947968,0.961460757283968
7.2,0.945306186536572,0.969495010920444,0.961365421617237
7.22465753424658,0.945164985617796,0.969416291841162,0.961265654854434
7.24931506849315,0.945021142870629,0.969335981736234,0.961164108413639
7.27397260273973,0.94487689261591,0.969255563871277,0.96106218622584
7.2986301369863,0.944723800059722,0.969170214519643,0.960954017851197
7.32328767123288,0.944570020556748,0.969084480335462,0.960845365477302
7.34794520547945,0.944414803009461,0.968997820719693,0.960735788022901
7.37260273972603,0.944260625210808,0.968911864799787,0.960626853999562
7.3972602739726,0.944108241204492,0.968826907429154,0.960519188487727
7.42191780821918,0.943955219486549,0.968741460356034,0.960411171064884
7.44657534246575,0.943804539105471,0.968657453769537,0.960304708515774
7.47123287671233,0.943650295263534,0.968571460002369,0.960195728585154
7.4958904109589,0.943501799480695,0.968488677802654,0.960090804818281
7.52054794520548,0.94335485801389,0.968406640029857,0.959987069053418
7.54520547945206,0.943209058737021,0.968325357129743,0.959884053463926
7.56986301369863,0.943059406948845,0.968241922175433,0.959778319003733
7.59452054794521,0.942911413847787,0.968159284306919,0.959673850354673
7.61917808219178,0.942765496490804,0.968077935302457,0.959570751536879
7.64383561643836,0.942620894482608,0.967997320766931,0.959468581233018
7.66849315068493,0.942475362806569,0.967916188573713,0.959365753601352
7.69315068493151,0.942332995422208,0.967836695852899,0.959265253360753
7.71780821917808,0.942186391940576,0.967754962701632,0.959161670957371
7.74246575342466,0.942043324360089,0.967675199833588,0.959060587590242
7.76712328767123,0.941895183737088,0.967592483921778,0.95895601161996
7.79178082191781,0.941746724415041,0.967509721512297,0.958851114009319
7.81643835616438,0.941603671771345,0.967429972831422,0.958750036886775
7.84109589041096,0.941459617618102,0.967349665408917,0.958648252435215
7.86575342465753,0.941316348108882,0.96726967006699,0.958547114561793
7.89041095890411,0.941172358432355,0.967189394593027,0.958445378606049
7.91506849315068,0.941031444000564,0.967110836144332,0.958345813590338
7.93972602739726,0.940891645530218,0.967032775902861,0.958247128205163
7.96438356164384,0.940747957928837,0.966952666406417,0.958145607469059
7.98904109589041,0.940606479272008,0.96687379694583,0.958045641190635
8.01369863013699,0.940467349434371,0.966796221915,0.957947345543431
8.03835616438356,0.940330296080904,0.966719699072857,0.957850594593749
8.06301369863014,0.940195001185298,0.966644269551581,0.957755003013488
8.08767123287671,0.940070069312316,0.966574624855199,0.957666728024648
8.11232876712329,0.939936014777352,0.966499896000261,0.957572006089711
8.13698630136986,0.939802289977159,0.966425223893791,0.957477610578717
8.16164383561644,0.939671666354438,0.966352402206429,0.957385316870517
8.18630136986301,0.939545796760594,0.966282233793649,0.95729638001783
8.21095890410959,0.939413832341353,0.966208544073312,0.957203227599616
8.23561643835616,0.939274480733844,0.966130859548882,0.957104764859261
8.26027397260274,0.939133934904521,0.966052506043265,0.957005460688564
8.28493150684931,0.93898947959169,0.965971977447744,0.95690339097618
8.30958904109589,0.938840695760146,0.965888901057891,0.956798361931916
8.33424657534247,0.9386897686024,0.965804761660543,0.95669172151559
8.35890410958904,0.938539872182002,0.965721197166781,0.956585809176851
8.38356164383562,0.938389594869478,0.965637286954608,0.956479725791045
8.40821917808219,0.938242580096863,0.965555324323798,0.9563758529232
8.43287671232877,0.938095387492067,0.965473256416912,0.956271858917974
8.45753424657534,0.937946899398841,0.965390473763258,0.956166944070476
8.48219178082192,0.937797947430849,0.965307310655084,0.956061791067775
8.50684931506849,0.937653823478194,0.965226968719239,0.955959954063539
8.53150684931507,0.93751346688125,0.965148718500873,0.955860785221218
8.55616438356164,0.937369393901803,0.965068272116515,0.955759081935904
8.58082191780822,0.937223846487062,0.964987128476476,0.955656245149166
8.60547945205479,0.937080666249366,0.964907301460545,0.955555083169804
8.63013698630137,0.936939611708312,0.964828662689604,0.955455420785074
8.65479452054795,0.936797805556619,0.964749488964134,0.955355312595505
8.67945205479452,0.936657911963635,0.964671497778974,0.955256470223625
8.7041095890411,0.936519042766542,0.9645940783803,0.955158351141165
8.72876712328767,0.936376983894303,0.964514757277217,0.955058069159659
8.75342465753425,0.936236006336934,0.964436163596868,0.954958459570926
8.77808219178082,0.936091188389435,0.964355422623352,0.954856141143944
8.8027397260274,0.935947021072335,0.964275052592418,0.954754276382429
8.82739726027397,0.935809062007873,0.964198025767887,0.95465688479696
8.85205479452055,0.935669262723923,0.964120087940127,0.954558108486094
8.87671232876712,0.935529513951144,0.964042177488438,0.954459368440683
8.9013698630137,0.935391000487708,0.963964838149799,0.954361587668123
8.92602739726027,0.935254978802722,0.963889005466065,0.954265481082669
8.95068493150685,0.935116579292744,0.963811846561121,0.954167694858501
8.97534246575342,0.934977244532679,0.963734163330001,0.954069249977549
9,0.934836674135997,0.963655677260497,0.95397001585825
9.02465753424658,0.93470572312785,0.963582673784049,0.953877490298154
9.04931506849315,0.934572929012473,0.963508637515293,0.953783666346416
9.07397260273973,0.934445656947674,0.963437676912151,0.953693746152134
9.0986301369863,0.934320102621774,0.96336758359423,0.953605106079887
9.12328767123288,0.934188460742528,0.963294190423183,0.953512095714303
9.14794520547945,0.934060076292174,0.963222611793529,0.953421387991486
9.17260273972603,0.933936755670131,0.963153757541549,0.953334330734306
9.1972602739726,0.93380885472485,0.963082448950467,0.953243964278923
9.22191780821918,0.933677255997178,0.963009081276096,0.953150983343702
9.24657534246575,0.933540808212445,0.962933016039961,0.953054572019212
9.27123287671233,0.933404234627859,0.962856761987439,0.952958159083866
9.2958904109589,0.93326015999816,0.962776439321226,0.952856362979511
9.32054794520548,0.933113995910585,0.962694951228333,0.95275309096218
9.34520547945205,0.93296668901226,0.962612708533491,0.952649097877254
9.36986301369863,0.932819857088211,0.962530848614925,0.952545353632985
9.39452054794521,0.932676966973774,0.96245118292014,0.952444396952871
9.41917808219178,0.932532400593825,0.962370586312636,0.95234225324509
9.44383561643836,0.932387513912247,0.962289681546574,0.952239978520747
9.46849315068493,0.932242259790633,0.962208698798579,0.952137350888006
9.49315068493151,0.932100886208705,0.962129887439188,0.952037459202491
9.51780821917808,0.931961260226454,0.962051934241225,0.951938887688258
9.54246575342466,0.931822687847347,0.961974680504655,0.951840978187671
9.56712328767123,0.931681789320921,0.96189612473397,0.951741428961263
9.59178082191781,0.931540982788368,0.961817623115789,0.951641942626276
9.61643835616438,0.931400850313457,0.961739377735214,0.951543020462278
9.64109589041096,0.931264239108484,0.961663217423048,0.951446496590922
9.66575342465753,0.931125628489913,0.961585943975952,0.951348558889565
9.69041095890411,0.930989824674499,0.9615101170848,0.951252691299369
9.71506849315069,0.930851690089481,0.961433104457737,0.951155093302251
9.73972602739726,0.930715657302006,0.961357263707166,0.951058980252665
9.76438356164384,0.930575959630608,0.96127938528425,0.950960273710305
9.78904109589041,0.930434141669001,0.961200200722827,0.950860160303031
9.81369863013699,0.930296834769884,0.961123656267122,0.95076314215919
9.83835616438356,0.930160474586132,0.961047637598281,0.950666794399184
9.86301369863014,0.930023920044168,0.960971392146896,0.950570396400364
9.88767123287671,0.929887494915364,0.960895333537448,0.950474005498613
9.91232876712329,0.929753495198978,0.960820629959115,0.95037932618225
9.93698630136986,0.929620516691065,0.960746493963464,0.950285369687782
9.96164383561644,0.929483568997305,0.960670026196553,0.950188696209108
9.98630136986301,0.929348836766575,0.960594917730643,0.950093496764109
10.0109589041096,0.929215688824907,0.96052067873782,0.949999426833431
10.0356164383562,0.92908602241974,0.960448392860524,0.949907807864332
10.0602739726027,0.928956205838349,0.960375904667554,0.949816169994517
10.0849315068493,0.928836998695888,0.960309451510599,0.949731939850348
10.1095890410959,0.928710244548175,0.960238791565256,0.949642376829122
10.1342465753425,0.928582707094945,0.960167574824101,0.949552348676284
10.158904109589,0.92845724912897,0.960097633843978,0.949463704169368
10.1835616438356,0.928338229765197,0.960031283515938,0.949379608067545
10.2082191780822,0.928212886675723,0.959961401306235,0.949291048605073
10.2328767123288,0.928079495943263,0.959886929545376,0.949196878761283
10.2575342465753,0.927946348755253,0.959812700093638,0.94910280265601
10.2821917808219,0.927809989428253,0.959736683666198,0.949006454204361
10.3068493150685,0.927668119921847,0.959657468133642,0.948906306021216
10.3315068493151,0.927524265904353,0.959577271887189,0.948804663270746
10.3561643835616,0.927381796654495,0.959497847550378,0.948703999009324
10.3808219178082,0.927238311951329,0.959417853664643,0.94860261979763
10.4054794520548,0.92709694672759,0.959338918533564,0.948502828460037
10.4301369863014,0.926956910061897,0.959260840143786,0.948403890471373
10.4547945205479,0.926815951824924,0.959182254841183,0.948304296293573
10.4794520547945,0.926672698441326,0.959102275304744,0.94820316480206
10.5041095890411,0.926535999438026,0.959026071762233,0.948106574692035
10.5287671232877,0.926401526155475,0.958951102023625,0.948011562353265
10.5534246575342,0.926264876431001,0.958874921099667,0.947915010631221
10.5780821917808,0.926124234736321,0.958796391925463,0.94781572860374
10.6027397260274,0.925988223289252,0.958720561130535,0.947719632060141
10.627397260274,0.925853013869305,0.958645181524648,0.947624099209382
10.6520547945205,0.925718225525614,0.958569924982084,0.947528946001987
10.6767123287671,0.92558410911375,0.958495155049371,0.947434185187153
10.7013698630137,0.92545153078708,0.958421242768114,0.947340510992358
10.7260273972603,0.925316451571857,0.958345933491313,0.947245071800544
10.7506849315069,0.925181772309877,0.958270735395975,0.947149997405269
10.7753424657534,0.925043373842648,0.958193573543355,0.947052214512922
10.8,0.924905316033385,0.958116609686707,0.946954666373691
10.8246575342466,0.924773336787373,0.958042921820238,0.946861496037908
10.8493150684932,0.924639139428034,0.957968107556451,0.946766677442916
10.8739726027397,0.924505801986931,0.957893771247853,0.946672467494547
10.8986301369863,0.924373518344731,0.957820020479848,0.946579003550404
10.9232876712329,0.924242871918095,0.957747074688855,0.946486775641243
10.9479452054795,0.924111242475545,0.957673689555349,0.946393773250994
10.972602739726,0.923977476446774,0.957599111526072,0.946299262527697
10.9972602739726,0.923843213141462,0.957524146662188,0.946204481047222
11.0219178082192,0.923717859196648,0.957454263563776,0.946115910118094
11.0465753424658,0.923590152210351,0.957383064106971,0.946025679968785
11.0712328767123,0.92346826277035,0.957315104715017,0.945939562611131
11.0958904109589,0.923348561901259,0.957248278521736,0.945855055526707
11.1205479452055,0.923222902428024,0.957178220409076,0.945766272167488
11.1452054794521,0.923099271055102,0.957109292468531,0.945678922139105
11.1698630136986,0.922980565731838,0.957043112504737,0.945595051390651
11.1945205479452,0.922858254170335,0.956974823810425,0.945508704881099
11.2191780821918,0.922733964647842,0.956905529650422,0.945420889318818
11.2438356164384,0.922603351566532,0.956832717070288,0.945328600683239
11.2684931506849,0.92247296967153,0.956759919425534,0.94523655918808
11.2931506849315,0.922335834158381,0.956683464666359,0.945139666440785
11.3178082191781,0.922195943799608,0.956605474182374,0.945040827164339
11.3424657534247,0.922054459601043,0.956526599528088,0.944940858517677
11.3671232876712,0.921913624148458,0.95644796633942,0.944841436643758
11.3917808219178,0.921776712072164,0.956371633617954,0.944744703626474
11.4164383561644,0.92163802221588,0.956294313374993,0.944646711866425
11.441095890411,0.921499593808331,0.956217014213534,0.944548996515707
11.4657534246575,0.921360891694532,0.956139683943938,0.944450998443058
11.4904109589041,0.921224730619835,0.956063778952031,0.944354789398801
11.5150684931507,0.921090612605229,0.955989014311619,0.944260022902777
11.5397260273973,0.920958043575083,0.955914994224269,0.944166438363233
11.5643835616438,0.920823488741547,0.95583997482504,0.944071371489572
11.5890410958904,0.920687575681592,0.95576420218377,0.943975342033288
11.613698630137,0.920552798175164,0.955688947545072,0.943880199525856
11.6383561643836,0.920421764807698,0.955615896886816,0.943787616705547
11.6630136986301,0.920288964205562,0.955541862334983,0.943693784248689
11.6876712328767,0.920158798348989,0.955469293718331,0.94360181554737
11.7123287671233,0.920026369535296,0.955395351660458,0.943508330182522
11.7369863013699,0.919895632759945,0.955322463742102,0.943415958840759
11.7616438356164,0.919762453047794,0.955248218243222,0.943321858222078
11.786301369863,0.919626216517583,0.955172150364455,0.943225684709888
11.8109589041096,0.919493400098414,0.955098110084613,0.943131838805166
11.8356164383562,0.919362922510243,0.955025370552882,0.943039647733468
11.8602739726027,0.919232186730674,0.954952485368779,0.942947275492875
11.8849315068493,0.919100886407043,0.954879172286772,0.942854587585858
11.9095890410959,0.91897245126864,0.954807570743351,0.942763840118725
11.9342465753425,0.918844769573147,0.954736387758841,0.94267362609405
11.958904109589,0.918713203983053,0.954662925337162,0.942580751830183
11.9835616438356,0.918583604391607,0.954590678322618,0.942489178881812
12.0082191780822,0.918454456395138,0.954518670753092,0.942397934069815
12.0328767123288,0.91833087561076,0.954449776682503,0.942310615617973
12.0575342465753,0.918206189253246,0.95438015314909,0.942222599188805
12.0821917808219,0.918090458070007,0.954315638693751,0.942140824378396
12.1068493150685,0.917969825868804,0.954248390558587,0.942055587723062
12.1315068493151,0.917847458502107,0.954180167073772,0.941969130954121
12.1561643835616,0.917726274766239,0.954112502881914,0.941883584450093
12.1808219178082,0.917611928670434,0.954048757773405,0.941802790370358
12.2054794520548,0.917491584172139,0.953981662328911,0.94171776265836
12.2301369863014,0.917363359376573,0.953910074749456,0.941627239773919
12.2547945205479,0.917236279756856,0.953839227207291,0.941537451307894
12.2794520547945,0.917105857330808,0.953766519906323,0.941445298124598
12.3041095890411,0.916970053109242,0.953690808417667,0.941349345219351
12.3287671232877,0.916831596731982,0.953613503032797,0.941251603216405
12.3534246575342,0.91669485568282,0.953537271882103,0.941154986463265
12.3780821917808,0.91655619769925,0.953459969531384,0.941057017132493
12.4027397260274,0.916420052802314,0.953383949659559,0.940960910628261
12.427397260274,0.916285280352732,0.953308806457412,0.940865691821665
12.4520547945205,0.916150006009861,0.95323338971575,0.940770113791326
12.4767123287671,0.916011555401313,0.953156201684489,0.940672291932911
12.5013698630137,0.915880812330667,0.953083208702887,0.940579990820931
12.5260273972603,0.915750604267962,0.95301061757296,0.940487991550993
12.5506849315068,0.915619632331538,0.952937601543717,0.940395451854875
12.5753424657534,0.915483600577469,0.952861647593671,0.940299423200681
12.6,0.915353063171343,0.952788868448773,0.94020719447094
12.6246575342466,0.915223060173757,0.952716391337958,0.940115340315178
12.6493150684932,0.915093150957685,0.952643968447173,0.940023550997109
12.6739726027397,0.914963306704889,0.952571471700049,0.939931888522057
12.6986301369863,0.914836722037448,0.952500899998156,0.939842449838157
12.7232876712329,0.914705609812631,0.952427803332651,0.939749812803932
12.7479452054795,0.914576390132941,0.95235565282991,0.939658593062855
12.772602739726,0.914443614661906,0.952281625562974,0.939564783308296
12.7972602739726,0.914310747585931,0.952207555356339,0.939470902851201
12.8219178082192,0.914183171754437,0.952136434173928,0.939380761579007
12.8465753424658,0.91405386038655,0.952064236549795,0.939289474117451
12.8712328767123,0.913925140605376,0.951992474864578,0.939198526602883
12.8958904109589,0.913797674313766,0.951921409909956,0.939108466286438
12.9205479452055,0.913671327359119,0.951850865542004,0.939019272912573
12.9452054794521,0.913545028225304,0.951780451684907,0.938930036959868
12.9698630136986,0.913416372501819,0.951708722591397,0.938839137000319
12.9945205479452,0.913288228890502,0.951637287902631,0.938748592330752
13.0191780821918,0.913165689402374,0.951568859918869,0.93866209376441
13.0438356164384,0.913041987885844,0.951499894153874,0.93857469323389
13.0684931506849,0.912923873268499,0.9514340399951,0.938491242436295
13.0931506849315,0.91280901992822,0.951370015810452,0.938410087229507
13.1178082191781,0.912688377240841,0.951302657667218,0.938324919760959
13.1424657534247,0.912568950599849,0.951236074206226,0.938240540362645
13.1671232876712,0.912454176986943,0.951172086527056,0.938159447328325
13.1917808219178,0.91233685207392,0.951106580974113,0.938076621899844
13.2164383561644,0.912217360950045,0.951039961730149,0.937992196818479
13.241095890411,0.912091648280877,0.950969880790347,0.93790337085116
13.2657534246575,0.91196610121629,0.950899888220525,0.937814664800866
13.2904109589041,0.911834429965413,0.950826373465641,0.937721711048427
13.3150684931507,0.911699848119626,0.950751342254874,0.937626622700805
13.3397260273973,0.911563563441487,0.950675366089168,0.937530327989204
13.3643835616438,0.911428002546754,0.950599677379294,0.937434630011797
13.3890410958904,0.911294742435902,0.950525381790382,0.937340476460535
13.413698630137,0.911160309704128,0.950450435461478,0.937245492182953
13.4383561643836,0.911028322184484,0.950376844569198,0.937152241299259
13.4630136986301,0.910894111960523,0.950301904584864,0.9370575007897
13.4876712328767,0.910762066836291,0.950228294628585,0.93696419960833
13.5123287671233,0.910632092725119,0.950155840470652,0.936872360826239
13.5369863013699,0.91050507542599,0.950084918626019,0.936782696580697
13.5616438356164,0.910374962005637,0.950012375703632,0.936690767530889
13.586301369863,0.910242768747705,0.949938677750931,0.936597365664322
13.6109589041096,0.910113878412679,0.949866817387642,0.936506300286879
13.6356164383562,0.909986484197766,0.949795687129554,0.936416368466321
13.6602739726027,0.909858455306773,0.94972431259399,0.936325907649978
13.6849315068493,0.909733388435103,0.94965458618883,0.936237542017735
13.7095890410959,0.909605822943323,0.949583359064136,0.93614749019498
13.7342465753425,0.909478978938318,0.94951264195231,0.936057868884189
13.758904109589,0.909350911848252,0.949441246206076,0.935967381015304
13.7835616438356,0.909219043891453,0.949367726059731,0.935874211602194
13.8082191780822,0.909090175008811,0.949295778835871,0.935783234049869
13.8328767123288,0.908964526511617,0.949225731143801,0.935694455282757
13.8575342465753,0.90883800418446,0.949155195165328,0.935605059933456
13.8821917808219,0.908711019463773,0.949084291998138,0.93551541832775
13.9068493150685,0.908587214239608,0.949015271364592,0.935427942353756
13.9315068493151,0.908463424214888,0.948946258371011,0.935340477732115
13.9561643835616,0.908337459463253,0.948876032438908,0.935251476931233
13.9808219178082,0.908211423747126,0.94880566167466,0.935162503400124
14.0054794520548,0.908085939423123,0.948735697440596,0.935073846563901
14.0301369863014,0.907966299863474,0.948669000711699,0.93498931273041
14.0547945205479,0.907846545375823,0.94860223380212,0.934904702185552
14.0794520547945,0.907733505479282,0.948539116529269,0.934824904817264
14.1041095890411,0.90761772873051,0.94847457446708,0.934743099432991
14.1287671232877,0.90749883707883,0.948408289337262,0.934659097980038
14.1534246575342,0.907381443629191,0.948342741910911,0.934576226821072
14.1780821917808,0.907270863669498,0.948281096361513,0.934498093775173
14.2027397260274,0.907154716159739,0.948216340682158,0.934416031514379
14.227397260274,0.907031434635721,0.948147613193798,0.934328924694751
14.2520547945205,0.906907920402892,0.948078652499452,0.934241729540757
14.2767123287671,0.906783397379936,0.948009232657914,0.934153745691781
14.3013698630137,0.906651802430545,0.947935868091467,0.934060766689642
14.3260273972603,0.906518453711589,0.947861413567854,0.933966631079143
14.3506849315068,0.906385216204996,0.94778713641799,0.933872489206685
14.3753424657534,0.906252146493551,0.947712948661621,0.933778468944411
14.4,0.906120638692086,0.947639630339804,0.933685553238194
14.4246575342466,0.905988805893043,0.947566014847173,0.933592493192459
14.4493150684932,0.905858796866966,0.94749353283409,0.933500635910684
14.4739726027397,0.905725216680225,0.947419059813127,0.933406255464789
14.4986301369863,0.905598190740456,0.94734814294409,0.933316577913016
14.5232876712329,0.905470909216179,0.947277184464603,0.933226645595425
14.5479452054795,0.905344653518215,0.947206797306144,0.933137438506617
14.572602739726,0.905214344852784,0.947134147506219,0.933045370055294
14.5972602739726,0.905087645616041,0.947063397687487,0.932955934431704
14.6219178082192,0.904961560428511,0.946993104995954,0.93286684825397
14.6465753424658,0.904835834518065,0.946923014243072,0.932778014718631
14.6712328767123,0.904709988331838,0.946852750033418,0.932689174445436
14.6958904109589,0.904587329403561,0.946784367061387,0.932602509422743
14.7205479452055,0.904460222265292,0.946713503440112,0.932512702055637
14.7452054794521,0.904335496003004,0.946643966860007,0.932424577130768
14.7698630136986,0.904207262920072,0.94657236621938,0.932334054597924
14.7945205479452,0.904078344965981,0.946500497779225,0.932242964322697
14.8191780821918,0.90395472210392,0.94643158038459,0.932155616041856
14.8438356164384,0.903829490847103,0.946361660801699,0.932067208924814
14.8684931506849,0.903704590845044,0.946292028867257,0.931978960135817
14.8931506849315,0.903580569774139,0.946222885193424,0.931891333643547
14.9178082191781,0.903458817966489,0.946155009188345,0.931805308635813
14.9424657534247,0.903336611175296,0.946086773011096,0.931719040485401
14.9671232876712,0.903211943019631,0.946017267140379,0.931630957855258
14.9917808219178,0.903088139137744,0.945948251408379,0.931543479775575
15.0164383561644,0.9029682498188,0.945881403352307,0.931458778360748
15.041095890411,0.902848462428106,0.945814521787321,0.931374215391322
15.0657534246575,0.902732526493313,0.945749883687426,0.931292302894935
15.0904109589041,0.9026226286489,0.945688620815391,0.931214650038664
15.1150684931507,0.9025052190421,0.945623068651635,0.931131764323632
15.1397260273973,0.902389572651579,0.94555859271267,0.93105005586251
15.1643835616438,0.902277383039181,0.945496046484218,0.930970787930784
15.1890410958904,0.902165519316205,0.945433687697889,0.93089174602366
15.213698630137,0.902050109671914,0.945369242914951,0.930810278982805
15.2383561643836,0.901928342470775,0.945301361395558,0.930724240842959
15.2630136986301,0.901806129319741,0.945233227938243,0.930637890056263
15.2876712328767,0.901678930177559,0.945162209334808,0.930548093931933
15.3123287671233,0.901549101355797,0.945089827458767,0.930456364215068
15.3369863013699,0.901417195809554,0.945016292407191,0.930363163793348
15.3616438356164,0.901286186363932,0.944943257144445,0.930270596361026
15.386301369863,0.90115618488245,0.944870666120286,0.930178827664542
15.4109589041096,0.901026628021166,0.944798437426724,0.930087288952687
15.4356164383562,0.900898045644034,0.944726745658005,0.929996443438611
15.4602739726027,0.900767595198603,0.944653905583242,0.929904356606844
15.4849315068493,0.900639121382839,0.944582286837811,0.929813578605365
15.5095890410959,0.9005123726187,0.944511631218036,0.929724018414154
15.5342465753425,0.900390249713322,0.944443545851699,0.929637733024327
15.558904109589,0.900263477045046,0.9443727605809,0.929548241483046
15.5835616438356,0.900136171441028,0.944301786726768,0.929458293585832
15.6082191780822,0.90001066633621,0.944231814163994,0.929369619672039
15.6328767123288,0.899886993444239,0.944162761857955,0.929282314739526
15.6575342465753,0.899762736326668,0.944093490089591,0.929194518892088
15.6821917808219,0.899640760000751,0.944025487262933,0.929108336464761
15.7068493150685,0.899518267793479,0.943957198615874,0.929021788226575
15.7315068493151,0.899394302014879,0.943887978980826,0.928934279327363
15.7561643835616,0.899270259370965,0.943818826629562,0.928846635129457
15.7808219178082,0.89914264100221,0.943747675455893,0.92875646841789
15.8054794520548,0.899016512787562,0.943677260112235,0.928667424392316
15.8301369863014,0.89889533472921,0.943609704008224,0.928581804744593
15.8547945205479,0.898772516427888,0.943541233046259,0.92849502648302
15.8794520547945,0.898649684263758,0.943472753696023,0.928408238911744
15.9041095890411,0.898528446643267,0.943405059491581,0.928322654314524
15.9287671232877,0.898408291232759,0.943338072799946,0.928237757750301
15.9534246575342,0.898286933921216,0.943270414758802,0.928152012923316
15.9780821917808,0.898164362437726,0.94320197859293,0.928065484650385
16.0027397260274,0.89804140623068,0.943133424951017,0.927978613213823
16.027397260274,0.897925081429843,0.943068576284744,0.927896421382923
16.0520547945205,0.897809175751976,0.94300395489428,0.927814530381548
16.0767123287671,0.897697985533998,0.942941872877618,0.927736036930084
16.1013698630137,0.897586789802869,0.942879883597346,0.927657469129101
16.1260273972603,0.897470572166694,0.942815089980897,0.927575356468201
16.1506849315068,0.897357405895458,0.942751996027684,0.92749540085238
16.1753424657534,0.897249126973017,0.942691539376341,0.927418962691468
16.2,0.897136471976311,0.942628730756543,0.927339368101015
16.2246575342466,0.89701853794465,0.942562982916928,0.927256040748096
16.2493150684931,0.896898347961438,0.942495878609581,0.927171192071981
16.2739726027397,0.89677776751292,0.942428656395756,0.927085994138001
16.2986301369863,0.896649741328745,0.942357281606774,0.926995536530214
16.3232876712329,0.896521084371234,0.942285553618963,0.926904634379777
16.3479452054795,0.896391167314801,0.942213019562758,0.926812918053649
16.372602739726,0.896262064032093,0.942141042990633,0.926721700371241
16.3972602739726,0.896134407677901,0.942069871844628,0.926631505935045
16.4219178082192,0.896006162208901,0.94199825980393,0.926540977956035
16.4465753424658,0.895879825382258,0.941927825117635,0.926451715235498
16.4712328767123,0.895750446043003,0.94185569377974,0.926360303139031
16.4958904109589,0.895625835847003,0.941786227144722,0.92627225636969
16.5205479452055,0.895502479706271,0.941717357136242,0.926185171041916
16.5452054794521,0.895380033209667,0.94164909338974,0.926098655529718
16.5698630136986,0.895254300565958,0.94157899403316,0.926009820803337
16.5945205479452,0.895129911074878,0.941509536198236,0.925922013983389
16.6191780821918,0.895007217341002,0.94144113437667,0.925835323960751
16.6438356164384,0.894885581880365,0.941373323531462,0.925749380940798
16.6684931506849,0.894763116649529,0.941305050633656,0.925662851240974
16.6931506849315,0.89464326791339,0.941238131517143,0.925578247392011
16.7178082191781,0.894519805603809,0.941169299846213,0.925491015333382
16.7424657534247,0.894399274608605,0.941102101565839,0.925405855015282
16.7671232876712,0.894274421680351,0.941032388599506,0.925317718371998
16.7917808219178,0.894149251226831,0.940962609158752,0.925229276088848
16.8164383561644,0.89402859304089,0.940895344903515,0.925144022275077
16.841095890411,0.893907044518059,0.94082758396093,0.925058139626528
16.8657534246575,0.893786112789878,0.94076006106329,0.92497277059197
16.8904109589041,0.893664527885015,0.940692276447778,0.924886864730256
16.9150684931507,0.893545495842925,0.940625917239437,0.924802761003037
16.9397260273973,0.893427363762358,0.940559955021665,0.924719370168996
16.9643835616438,0.893305901213164,0.940492236558228,0.924633552274207
16.9890410958904,0.893186262318512,0.940425542020874,0.924549017571635
17.013698630137,0.893068567603026,0.940359918654559,0.924465865887221
17.0383561643836,0.892952588809642,0.940295162668118,0.924383992226773
17.0630136986301,0.892838058652261,0.940231309893618,0.924303071811861
17.0876712328767,0.892732266224463,0.940172334710717,0.924228320459533
17.1123287671233,0.892618711978684,0.940109033788471,0.924148083859256
17.1369863013699,0.892505399119102,0.940045759755138,0.924068096997678
17.1616438356164,0.892394677569454,0.939984033331837,0.923989865335206
17.186301369863,0.892287951678172,0.939924536958643,0.923914455014883
17.2109589041096,0.892176022336235,0.939862034957321,0.923835445156731
17.2356164383562,0.89205778792675,0.939796122668117,0.923751903355683
17.2602739726027,0.891938499289441,0.939729619940686,0.923667618673008
17.2849315068493,0.891815849774163,0.939661247311197,0.923580956554662
17.3095890410959,0.891689480055907,0.939590686304306,0.923491750000357
17.3342465753425,0.891561243283865,0.939519196431614,0.923401141895013
17.358904109589,0.8914338359344,0.939448169202047,0.923311119647175
17.3835616438356,0.891306058655196,0.939376822329313,0.923220919417468
17.4082191780822,0.891181010789062,0.939307106535711,0.923132567201961
17.4328767123288,0.891055767640936,0.939237276661468,0.923044080840545
17.4575342465753,0.890929377724463,0.939166813844245,0.922954779530532
17.4821917808219,0.890802548248786,0.93909600221905,0.922865243942668
17.5068493150685,0.89067978715508,0.939027569021952,0.922778501783798
17.5315068493151,0.890560194908468,0.938960895156319,0.922694003963495
17.5561643835616,0.890437395194597,0.938892327189842,0.922607317787681
17.5808219178082,0.890313296803237,0.938823141523152,0.92251963584546
17.6054794520548,0.890191175676479,0.938755055566024,0.922433352875926
17.6301369863014,0.890070827907206,0.938687960966992,0.92234832089011
17.6547945205479,0.889949799334225,0.938620387869393,0.922262880641483
17.6794520547945,0.889830364341722,0.93855380243412,0.922178493370362
17.7041095890411,0.889711766009281,0.938487684031385,0.922094696809746
17.7287671232877,0.889590404697493,0.938419919789773,0.922009025611269
17.7534246575342,0.889469928319903,0.938352755327139,0.921923901406624
17.7780821917808,0.889346129957144,0.938283733502828,0.921836433969131
17.8027397260274,0.889222847515373,0.938215006337996,0.921749325886905
17.827397260274,0.889104836384132,0.938149117077242,0.921666016445546
17.8520547945205,0.888985213864901,0.938082427762454,0.921581496185962
17.8767123287671,0.888865597182411,0.938015741039757,0.921496980537091
17.9013698630137,0.888747001069101,0.937949522613297,0.92141326000693
17.9260273972603,0.888630502892212,0.937884574371852,0.921330947821808
17.9506849315068,0.888511932222042,0.937818470223613,0.921247171664471
17.9753424657534,0.888392523751259,0.937751896503474,0.921162805390516
18,0.888272019317313,0.93768461407532,0.921077736606818
18.0246575342466,0.888159727624805,0.937622012927306,0.920998395086285
18.0493150684932,0.888045822701017,0.937558507899405,0.920917917038132
18.0739726027397,0.887936623394729,0.937497623789329,0.920840765587052
18.0986301369863,0.88782886835183,0.937437467305113,0.920764691617193
18.1232876712329,0.887715857437432,0.937374461304758,0.920684844783353
18.1479452054795,0.88760561201826,0.937312995806986,0.920606952855769
18.172602739726,0.887499686288621,0.937253853746781,0.920532175383552
18.1972602739726,0.887389796825082,0.937192587097536,0.920454534662238
18.2219178082192,0.887276699056112,0.937129533912739,0.920374625551107
18.2465753424658,0.887159400572957,0.937064143813313,0.920291744732891
18.2712328767123,0.887041959967313,0.936998572421678,0.920208838546434
18.2958904109589,0.886918032537409,0.936929481975968,0.920121277464369
18.3205479452055,0.88679226945431,0.936859367685761,0.92003241973341
18.3452054794521,0.886665484069459,0.936788582339006,0.919942914049728
18.3698630136986,0.886539068636093,0.936718104774178,0.919853595094388
18.3945205479452,0.886416009743757,0.936649495616756,0.919766649831561
18.4191780821918,0.88629147011752,0.936580064063123,0.91967865605728
18.4438356164384,0.886166617209692,0.936510346177357,0.91959052305432
18.4684931506849,0.886041410255195,0.93644054022328,0.919502059513899
18.4931506849315,0.885919512355269,0.936372585961845,0.919415928937854
18.5178082191781,0.885799086670292,0.936305352301193,0.919330912217305
18.5424657534247,0.885679535788416,0.936238703002065,0.919246442516331
18.5671232876712,0.885557943575756,0.936170911175649,0.919160533797906
18.5917808219178,0.885436396087178,0.936103146763012,0.919074654855828
18.6164383561644,0.885315396150534,0.936035584377701,0.918989238702814
18.641095890411,0.885197403837347,0.935969804042972,0.918905870173018
18.6657534246575,0.885077651609084,0.935903043892825,0.918821257180229
18.6904109589041,0.884960292105929,0.935837515504811,0.918738409923154
18.7150684931507,0.88484088585579,0.935770944277294,0.918654044295623
18.7397260273973,0.88472326441453,0.93570536819477,0.918570939652768
18.7643835616438,0.884602441213906,0.935638011896081,0.918485569281905
18.7890410958904,0.884479750178316,0.935569506933606,0.918398958116939
18.813698630137,0.884360929161535,0.935503267803881,0.918315001702663
18.8383561643836,0.884242895761427,0.935437466042599,0.918231603054748
18.8630136986301,0.884124662637351,0.935371450393324,0.918148138695035
18.8876712328767,0.88400651018856,0.935305579018347,0.918064658318007
18.9123287671233,0.88389042782714,0.935240864204687,0.917982638745655
18.9369863013699,0.883775200382505,0.935176624506036,0.91790122432426
18.9616438356164,0.883656502774925,0.935110347088795,0.917817433853177
18.986301369863,0.883539694887962,0.935045230816053,0.917734899434144
19.0109589041096,0.883424230899395,0.93498085183541,0.917653323329111
19.0356164383562,0.883311757796925,0.934918150823921,0.917573852696376
19.0602739726027,0.883199126632109,0.93485525879682,0.917494346048429
19.0849315068493,0.883095675855734,0.934797589181372,0.917421249134251
19.1095890410959,0.88298565010503,0.934736254605242,0.917343506196387
19.1342465753425,0.882874917887089,0.934674421894219,0.917265340781606
19.158904109589,0.882765965210479,0.934613682373864,0.917188358372001
19.1835616438356,0.882662580312776,0.934556047879385,0.9171153091861
19.2082191780822,0.882553677578708,0.934495331633779,0.917038365422984
19.2328767123288,0.882437754898776,0.93443061226129,0.916956527489918
19.2575342465753,0.882322015208928,0.934366087482221,0.916874750773324
19.2821917808219,0.882203453777963,0.934299992886948,0.916790977906904
19.3068493150685,0.88208006974762,0.934231099081195,0.916703878939334
19.3315068493151,0.881954926910119,0.934161334012138,0.916615456921635
19.3561643835616,0.881830956154781,0.934092222302241,0.916527863102718
19.3808219178082,0.881706069166624,0.934022596812603,0.916439624104746
19.4054794520548,0.881582994978527,0.933953874994708,0.916352744609186
19.4301369863014,0.881461046274539,0.933885881675845,0.916266586030593
19.4547945205479,0.881338263817354,0.933817429522301,0.91617983395874
19.4794520547945,0.881213450188747,0.933747745059931,0.916091720233663
19.5041095890411,0.881094317185203,0.933681333773327,0.916007542077274
19.5287671232877,0.880977095378228,0.933615981854924,0.915924718792702
19.5534246575342,0.880857947503592,0.933549558062352,0.915840533228809
19.5780821917808,0.880735288698172,0.933481069887811,0.915753945704281
19.6027397260274,0.880616638902462,0.933414918781394,0.915670115732854
19.627397260274,0.880498660423759,0.933349145481101,0.915586757476688
19.6520547945205,0.880381021328954,0.933283463906919,0.915503710696992
19.6767123287671,0.8802639409732,0.933218191580566,0.915420986816705
19.7013698630137,0.880148176236132,0.933153652865694,0.915339192382227
19.7260273972603,0.880030200194173,0.933087878953039,0.915255837297027
19.7506849315069,0.879912545795887,0.933022186691361,0.915172781289831
19.7753424657534,0.879791613686749,0.932954762930814,0.915087338929156
19.8,0.879670950341946,0.932887496073162,0.915002081269127
19.8246575342466,0.879555572725052,0.932823077387689,0.914920630796523
19.8493150684932,0.87943822914418,0.932757659010549,0.914837720420086
19.8739726027397,0.879321610695948,0.932692643634017,0.914755323318082
19.8986301369863,0.879205887595236,0.932628125711719,0.914673560081378
19.9232876712329,0.879091571084891,0.93256429765911,0.914592860027481
19.9479452054795,0.878976368735074,0.932500070848239,0.914511464147778
19.972602739726,0.878859270104923,0.932434785335675,0.914428729560359
19.9972602739726,0.878741709519355,0.932369146310304,0.914345739149082
